x	y	y_pred	rt_error
HHVGPEIR	170.55	15.546196	155.003804
2V2PVPGLSE4ATLPLR	47.598	200.46043	152.86243000000002
HGNEIFR	162.16	15.444886	146.715114
HYLCNHEK	154.52	14.35517	140.16483000000002
MLANHFR	160.85	24.216433	136.633567
HAVHELHEIGAK	163.6	27.821634	135.778366
KKHEDEEIVIR	165.99	30.645447	135.34455300000002
SSGIHVGRPLDK	163.17	28.468813	134.70118699999998
HYGHIDCPGH1DFVK	161.9	29.982746	131.917254
LDALRPLQHNER	170.1	41.177296	128.922704
NIFIHLQPPNQHK	220.92	93.93785	126.98214999999999
HAVEEELKER	156.41	29.655237	126.754763
PV1PATLGAR	155.27	34.270206	120.99979400000001
HEIAQHLGK	133.64	12.735087	120.904913
LFEHALK	163.53	51.630783	111.899217
VQGLVHPPAIDILDEYLNNR	102.49	212.29318	109.80318000000001
2NASSPTVIPRR	207.91	98.683136	109.22686399999999
EDLSLCPNDVLCTLINDR	106.13	211.856	105.726
3PLVEVLPGGL2R	49.31	153.21419	103.90419
DIKPNWEHAR	170.03	66.878006	103.151994
DTTPFDDNVPWTLQLQADFGSGNITGK	108.81	211.45605	102.64605
MASEAGPYPNSPR	138.51	37.283386	101.22661399999998
LHHEGVYSLEQWR	203.04	102.35493	100.68507
DNALIYLVTLSDVLK	234.39	134.75558	99.63441999999998
LAASNASLIVEAILEDIDAK	228.47	129.99075	98.47925000000001
HILLDGSLPPKR	211.1	113.1267	97.9733
CLVDDMVMLR	48.904	146.8323	97.92830000000001
HPELEGVVR	133.04	35.286446	97.753554
SLEDAEQDVVAAMDAVTVAEADLK	216.97	119.587	97.383
HEADVLQHYPGYSHPVVQLR	200.69	103.63193	97.05807
GEQLIGNLLVDALDDR	107.57	204.2151	96.64510000000001
HVNMSGHIR	110.98	14.732419	96.247581
LLSSSDEK	108.12	12.521081	95.59891900000001
PVLGLMDSGFELSEDPSIEPHEFQR	94.896	189.17734	94.28133999999999
AASFPLQLHGFDVDGVNTVSLSNHSGYPIIR	95.273	187.28062	92.00762
V1NENQVGSYNGPIGGS1GAGVR	180.86	88.94082	91.91918000000001
DHGVVLLHR	132.12	41.48635	90.63365
DAIFFNDDFVNCVSCLK	100.39	190.9957	90.6057
1NA1TTVVTVR	161.01	71.91559	89.09441
ILLSIQNLLDNPNNQSPLNNR	101.61	190.3579	88.7479
HDPSESFLHGPSMPHR	184.43	96.39133	88.03867000000001
IPMPHDNHPR	104.0	16.113707	87.886293
FQSSAILAAQEATESYVVSLLADTNR	205.79	118.09175	87.69824999999999
TSEGTDNAHSSIYDFQILDADHQLYDLSQHK	184.05	96.357445	87.69255500000001
VLELNHR	106.75	19.205805	87.544195
HLDAVLGDMFGIEHQYHSR	78.11	165.60703	87.49703000000001
1NTV1GPCSHNLK	104.63	17.566978	87.06302199999999
EELLTAALHYQEELYQTQTR	91.889	177.87376	85.98476000000001
NNFFDLPPYDNVLWQK	119.63	205.10144	85.47144
LHEDGLVHR	102.62	17.271708	85.348292
SLHIPTQHTCFLR	207.67	122.70677	84.96322999999998
VVHGDVFR	108.78	23.926495	84.853505
VVEAVQHLVDTATCVFPR	229.81	145.09262	84.71737999999999
DVLTELLGTVGEPAASAESDNS	123.21	207.7629	84.55290000000001
CAVPHPVTADELKPVDSSHDILR	229.18	145.25436	83.92564000000002
SAFEHLK	102.7	18.863003	83.836997
AEYGTNYVLIK	186.42	102.62665	83.79334999999999
TNCPARPDVVASLLSAALEEIKGPETK	129.29	211.48962	82.19962000000001
SYLPTWILNDR	79.245	161.40631	82.16130999999999
EAADMEDAFNVGAAPVAAAER	63.029	145.09525	82.06625
FCAMLDLLEEMNHR	101.15	183.018	81.868
HFLVIEHEAK	161.74	80.31395	81.42605
LAVLEVLGNVTDICSDK	103.77	185.06154	81.29154000000001
HMLELAR	141.62	60.45839	81.16161
YLTSSLASEAASGGTLLVVK	88.15	169.22289	81.07289
DHHAMMQSPLK	167.95	87.732056	80.21794399999999
VEDEG1LLIVDLIK	104.76	184.4668	79.7068
MSYIGPQISEITNNQNR	210.47	130.7786	79.69139999999999
MQVAIEAYIGSEAATLDTATK	95.75	175.15202	79.40202
LGITYPEVYNMQVQAIMEAAVAVSK	203.48	124.101295	79.378705
SVILSGNTGPK	108.96	29.870796	79.089204
YVDMFEAGIIDPVK	87.128	165.8459	78.7179
PMLIGLDEAPGFHEMTFQSINK	121.83	199.04779	77.21779
2RAPRNGIALQR	154.88	77.69389	77.18611
V1AHILLE4AR	43.147	120.08197	76.93496999999999
FAEVACAEVLQEMVQVVPPHK	97.814	174.58112	76.76712
RGFTGDLESSVDTHPHFPGK	219.43	142.76491	76.66509000000002
LRPMYPNYEEYR	183.16	107.116905	76.043095
FERPSEYLR	160.05	84.40522	75.64478000000001
ESPGDEEAAAIVAELQQA1	100.16	175.46071	75.30071000000001
VLTAVVSTLEETWNTHR	93.192	167.99336	74.80136
LFHSSQLIGGEAL1THPVSGGSR	217.05	142.5948	74.45520000000002
HFAPTSGWGMIA1SFPK	83.379	157.59085	74.21184999999998
MRQSLALLR	173.17	99.13621	74.03378999999998
MIVLNGISEEQKK	160.14	86.116974	74.02302599999999
DPALTELAEGVDVFVIVAGVPR	47.393	121.2933	73.9003
DPEENADAIETVLCAMNDR	109.51	183.16103	73.65103
ASAVSDGASVLTAVTTTVLPAVSHPPAPR	134.2	207.6842	73.48420000000002
GHHVEVVPSISTER	161.2	87.79958	73.40041999999998
ELDLSLCGLR	73.573	146.82443	73.25143000000001
MNDLQDTVQELTSSIIQK	121.12	194.32155	73.20155
1FHHPISAAELPDYHK	215.76	142.6447	73.11529999999999
LSVDFTDPESTNFPQPNINR	83.53	156.5836	73.05359999999999
TAFLDNK	93.005	20.126228	72.878772
IGGVTHIVVSGEAEEK	157.28	84.62437	72.65563
YSTSEQMIHGASLGIGLAAMGLK	234.69	162.09515	72.59485000000001
ASVTELSTLLGNTNYLGSIIER	113.68	186.18436	72.50435999999999
MQSTLILK	145.81	73.49187	72.31813
SFLAEHNLSFTQLCTSEAEEPLEK	83.326	155.39796	72.07196000000002
NCTPVLVFNGIPFYPDPSDDNCR	103.21	175.1008	71.8908
EMDDDRFDMDDGASFELPEAR	78.94	150.77069	71.83069
DMQDAIQEIESL1GQLGQK	114.49	185.71098	71.22098000000001
PQQSSFIHLSDPR	160.13	89.51578	70.61421999999999
AFDGDLVMSTDPADTLNNFPR	93.15	163.68329	70.53329
HATEIFPDFYLYDEILR	218.03	148.2295	69.8005
DDMLDEDGNGIPDVQEISGK	80.243	149.94049	69.69749000000002
HLEEMIR	141.69	72.09141	69.59859
ATTLEEFSAK	132.73	63.516247	69.213753
EESTDLQEDKK	81.106	11.9595375	69.1464625
ATLNYDHLLTEVSGDNSVAWQNCPGAESEADSR	84.926	154.06203	69.13602999999999
VETVFEFK	176.4	107.32128	69.07872
YDISCDSIVVNQLVLKPSSEPDCR	83.91	152.45526	68.54526000000001
NVSVHVAVDVIEELQR	205.12	136.64142	68.47858
PQGEVAILDNMIQCIENNR	109.81	178.07687	68.26687000000001
HEGIDIPFR	166.36	98.12788	68.23212000000001
RPDELHLPGSTVMVSTEMEEASGNNEPTMR	77.183	145.15703	67.97402999999998
INDDIVIGFAGSTADAIALMEK	182.64	114.69962	67.94037999999999
VLTSFYQSEESCLFLK	88.732	156.31117	67.57917
SHALEYKPVADAVHR	139.65	72.15648	67.49352
DGFQLTEPDSGV1WPVNTQGNNVR	85.87	153.27098	67.40098
RLEGTGQVMLGVDGTK	163.25	95.87943	67.37057
VILGGTAKNLVVPGWR	77.23	144.5807	67.3507
LGVPAALFNDYAEVLK	140.49	207.72134	67.23133999999999
GGLGALLR	8.9205	76.02104	67.10054
VAYANVEAAWEAYR	78.712	145.44112	66.72912000000001
NVSTGDVNVE1NAAPGVDLTQLLNN1R	91.526	158.2366	66.71060000000001
LPAYLTSEHGSWLHLQPYK	230.9	164.23062	66.66938000000002
ASVFYILDSK	219.03	152.7433	66.2867
GIACLHLPAVNVCHR	214.21	147.9616	66.2484
MTHSTDLQWLVVR	45.763	111.800835	66.037835
AEHLLEQLR	155.65	89.64476	66.00524
LLHNEFTQYIIR	214.64	148.66647	65.97352999999998
SWNDVDGSLNDVNPDLLELSK	105.53	171.47365	65.94364999999999
INELEGIENNDSPYNLQPQTQDSELHQVSLER	79.191	144.8277	65.63669999999999
LIDVDGGMLEVSWEK	91.323	156.87936	65.55636
1AMQRARGVHLNGGDNK	92.713	27.161192	65.551808
TLIGALHLNYGGAPEGPAGTGK	228.29	162.75978	65.53021999999999
1NIIVSCR	100.12	34.858616	65.261384
GFYGTIKPHMDAER	161.18	96.030556	65.149444
EIFEEMILAKR	84.883	150.02405	65.14104999999999
WTASNILAATLEK	107.41	172.23549	64.82549
EVEQWLDDTSDNVEISELQR	84.76	149.35449	64.59449
HIVP1HDGTPITFADFR	219.18	154.76808	64.41192000000001
WSGLSDVCPVTPLLLDETDNNK	107.57	171.92867	64.35867000000002
MNNIANLLR	213.17	148.8455	64.3245
LKEVFSAFGEVTSAK	71.478	135.7446	64.2666
RTLETVQVEFK	169.33	105.1122	64.21780000000001
EELISSISGAISTLEK	123.92	188.09308	64.17307999999998
DALIDHLSPGEHLR	165.37	101.252396	64.117604
KPAPGSVIFGAESLLSHCK	228.54	164.82999	63.71000999999998
TVVHHAISYDR	89.511	26.084211	63.426789
AVMLALQEDR	151.38	88.01006	63.36994
HALMDLER	124.85	61.62283	63.227169999999994
HAFTVLENVLNENNR	78.379	141.37737	62.99837000000001
ISLESLTQVISLEDEIKNENR	132.93	195.7676	62.83759999999998
AATGGGDIEELVK	140.53	77.715225	62.814775
ISQRPNVTGIIVVNNEGVPIR	220.44	157.64046	62.79954000000001
FLSVPYVHFR	226.43	163.68141	62.74859000000001
DIFQVLNQELGNCLNSPR	138.72	201.25533	62.53532999999999
DIVHQYSEFVHFPIYMQK	135.55	198.0046	62.4546
VTDVSELNEIER	153.72	91.29303	62.42697
SLHE1NP1LGHR	89.376	27.14114	62.234860000000005
LGVSFFEAWNASR	92.853	155.07494	62.221940000000004
LFADEDFTSVLECIR	176.55	114.38487	62.165130000000005
HFAPTSGWG1IA1SFPK	83.379	145.372	61.99300000000001
EVCVLFGSQTGTAEMFAK	86.23	147.90936	61.67935999999999
ADGVIAHEEVLR	103.07	41.402493	61.66750699999999
MVHPLPHWESVTEK	194.29	132.69221	61.59779
LAHQEVPHVHFHIIPK	232.12	170.63403	61.48597000000001
SEIEETFQR	106.9	45.484108	61.41589200000001
AEGLSITENGFAEFMDR	206.47	145.06734	61.40266
GVIHTHGSIAAGINALEER	183.52	122.27746	61.242540000000005
FSFEPLTHR	171.27	110.19566	61.07434000000001
SVAQEALNVLIDAAAIDCCK	138.61	199.56541	60.95541
SVFFINDER	155.23	94.60674	60.62325999999999
IPVEAEEHLFLVPNVGDKK	230.64	170.08165	60.55834999999999
SLAGSIDYQAPEVLK	75.079	135.59766	60.51866
CISENNFVAAAVLSGNR	81.398	141.7661	60.3681
LATTAELGR	83.986	23.665165	60.320835
RPVELTLSGAYTSPVLHHPAFK	230.85	170.53436	60.31564
VVVVEMAVASGLPMIPEAK	148.65	208.9553	60.30529999999999
V1LFVGPSTK	156.75	96.60023	60.149770000000004
QLQLLSSLER	80.018	140.15373	60.135729999999995
YLTVENALADLQAFK	131.43	191.25984	59.82983999999999
GHYTEGAELIDSVLDVCRK	102.69	162.36745	59.67744999999999
VCLQECEGQLQTVR	146.59	86.928604	59.661395999999996
VPEELQGNNDDELFLDE	85.639	145.26225	59.62325
HLPGYQGHLPTYK	126.66	67.277534	59.382465999999994
MFDGDPLVQK	160.24	100.9271	59.31290000000001
SVSFSTLVQR	159.92	100.78316	59.13683999999999
YPQPPAHLVPR	158.96	99.89826	59.061740000000015
DGNYNDNNCRPIESLVNADAFVSR	82.124	140.95007	58.826070000000016
RAAYLAELK	110.06	51.332676	58.727324
MYAGSLLTFYK	225.45	166.7621	58.687899999999985
DFSLTLYR	82.19	140.77168	58.581680000000006
MEVINSQETPDQQK	95.721	37.3188	58.4022
SVNILDLAATTVSGETVQR	127.97	186.24748	58.27748
LQILPTK	123.7	65.493866	58.206134000000006
1VSFVGATGMS11LLEKLLRK	201.85	143.65074	58.19925999999998
LPITKQLFNFR	94.351	152.34915	57.99815000000001
SLIVAGATGAIGR	161.58	103.60238	57.977620000000016
LIVSIGAQDTFLR	216.65	158.73457	57.915430000000015
LSTATIPER	86.828	28.949335	57.878665
FPLNLFK	218.08	160.2015	57.8785
LILIVERPGTTEVER	187.95	130.13008	57.819919999999996
NSFEQLCINYANEALQNHYNK	78.661	136.3971	57.73609999999999
NQSWFDPNNMAIVSIGSGGVER	95.579	153.28018	57.70118000000001
LAAYFEGWEELSR	90.349	147.9422	57.59320000000001
DKEMPPTSGSLFVTVVR	211.39	154.06592	57.32407999999998
AEDTITFLR	161.26	103.94909	57.31090999999999
FSIPQEISAADVGQI3FR	141.75	198.90625	57.15625
ENTGVEEAFIAIATAALAQR	234.06	177.23268	56.827320000000014
AEELLGTFNMR	206.76	149.96745	56.79254999999998
WLGIAPYDEDDEEEEKQNYLEGGDNTDR	77.259	133.99522	56.73621999999999
1VSFVGATG1SM1LLEKLLRK	201.85	145.21928	56.63072
SSLLFDLLNAASR	150.09	206.70686	56.61686
SPYVAPLIISDNEWPFK	155.98	212.40007	56.42007000000001
YAFVGFDNTDSLEAALQMTGR	143.12	199.53207	56.41207
LHEHIEVLTQQIR	216.83	160.62445	56.20555000000002
TATIVFDLDETLCNNR	91.37	147.08937	55.71937
THPHLDPEHIANVSLTEAQK	228.38	172.70515	55.67484999999999
VGIVHILCGEPAR	196.46	141.01164	55.44836000000001
NIEKDENIFLSSSEIVAAAK	84.13	139.54274	55.412740000000014
HFEHFYK	86.171	30.824211	55.34678900000001
KFGDALLSHEVGYMGGAESDEVVTYSAVK	81.069	136.39682	55.32781999999999
HELAVQTLGMAAETAVIAR	100.51	155.7577	55.247699999999995
EHPSYLSLQVGLFDVK	127.18	182.41432	55.23432
APLAIGNVLPLGQITEGCIVCNVEAK	160.03	215.09764	55.06764000000001
FALHSPTQR	78.497	23.633448	54.863552
ELLHEIALLR	224.53	169.73697	54.79302999999999
MQEFHAFEVQPGK	157.31	102.54238	54.76762000000001
LGLPIGQHLHIR	178.01	123.539955	54.470044999999985
VEVDPIEMMNDPSMMGEMMK	153.15	207.6136	54.463599999999985
MINSVYHSK	69.343	14.92712	54.41588
YSWCDAENAVTVYVDTK	89.659	144.06721	54.40820999999998
NIENHVLHIPK	184.33	130.01222	54.31778
DGAGSATLS1AYAGAEWSNSVLK	95.587	149.89142	54.30442000000001
RPVGSLFMEAMDR	215.54	161.37408	54.16592
EILDLATVAGSVEESDLNR	105.16	159.28725	54.127250000000004
MQGSWATLK	132.18	78.15812	54.02188000000001
NLADLLQLLDAVEAR	89.677	143.5622	53.88519999999998
LPHFDVCVIGGGPAGVAAALR	149.96	203.8302	53.87019999999998
QNAQLESELK	82.768	29.011625	53.756375000000006
LDDII1FNR	173.32	119.63851	53.68149
LAMPQEVIAALSGDSLSEEQLIR	116.06	169.70868	53.648679999999985
SVVEAIAAPAASAIDSK	196.69	143.11615	53.57384999999999
KVSSIHTILPALNHVVR	230.86	177.41884	53.441160000000025
ALDAFIGSMTQEEIVK	107.35	160.60268	53.25268
SVPMIPIDPDKR	155.77	102.538475	53.231525000000005
MNSAVDSLL1R	165.17	111.999466	53.17053399999999
EGQLVAHSVASTEETSSEAK	112.06	59.239254	52.820746
HIVEEPVICHLAAK	187.41	134.61755	52.79245
VAGYAEVCLK	128.23	75.44305	52.78694999999999
NLDVFDLDTIDATNLNR	109.82	162.53528	52.71528000000001
VFALSEFGEHK	172.1	119.48315	52.61685
VQEYTLGDDKYTYVEDVCNGQSCTLLVK	157.01	104.462746	52.547253999999995
MEFVPTFQTAGK	199.72	147.34517	52.37483
TTGFGLIYDDLAALKR	135.66	188.01427	52.354270000000014
KHSEFIGYDIEL1VEK	197.21	144.93724	52.272760000000005
LNHVHPILGK	77.354	25.235264	52.118736
TMLELLTQLDGFDSSNDVK	125.39	177.50343	52.11343000000001
ILSLEIFCDEDYPNRPPHIK	112.61	164.6942	52.084199999999996
HYHLPTFTMER	215.62	163.63266	51.98734000000002
LKLPLLEVDR	225.85	174.19173	51.65826999999999
MQNIISFAEAAK	209.65	158.04535	51.60464999999999
MLYEHTVDISSSR	129.04	77.50855	51.53144999999999
SAEEATGLEAAR	73.724	22.1989	51.52510000000001
VQNVENIFFAGGFVR	203.4	151.92732	51.47268
AVVGEEALSSEDLLHLEFLEK	165.87	114.39795	51.47205000000001
YFHALSALDVVR	221.03	169.56734	51.46266
HGEASSIVDILDEFSGR	139.22	190.65985	51.43985000000001
ILSFNSTEYHLLLK	83.724	135.01031	51.28631
NSVLGYAAEAAE1ILR	116.08	167.25992	51.179919999999996
VQLENEIMELEELR	144.68	195.81236	51.132360000000006
VLYMSNNLISSWTEIDR	99.843	150.9674	51.124399999999994
NPYEINLMEELTLR	153.86	204.68912	50.82911999999999
AAYAEAISLNYGVGVVK	97.789	148.58687	50.79787
AHAVHGSAYLSLEDVEEPYLAGTR	201.5	150.7336	50.766400000000004
MLTVHFR	129.9	79.22364	50.67636
LETGEVFEMR	161.77	111.125015	50.644985000000005
GIWTENNFEGSMHVLTGCASK	227.46	176.9107	50.54930000000002
VAEFQISNEDFDLALR	180.01	129.47937	50.53063
AVLEELMHMHPQR	234.75	184.25325	50.49674999999999
LCNLLDAHFIPHR	221.08	170.61919	50.46081000000001
DGAGDDDDYIDLVDMLDAGQGK	105.54	155.94112	50.401120000000006
HIPRPELELCSDVEENK	170.06	119.742615	50.317385
SSILFDVKPWDDTVDLQALADK	145.2	195.39935	50.19935000000001
MLTHVSAPDPEGR	100.78	50.68083	50.09917
LLNSQQEE1IR	83.786	33.916046	49.869954
TAEEMEMLLAGAVSEALSK	122.71	172.50034	49.79034
EVDSLSNISLK	139.52	89.76539	49.754610000000014
DLTLGNNNATDAAAEALADMLR	144.2	193.8744	49.67440000000002
LTTHIVDNALVSIGR	223.68	174.07115	49.60885000000002
HLGIEKPGTLFNYIGR	230.75	181.14697	49.60302999999999
VLTEQFLAR	146.0	96.39897	49.601029999999994
VDIVAGNIATGEAAAELILAGADGLK	169.85	120.369446	49.480554
WAWDYFIQCQEEQQQGQ	99.395	148.77858	49.38358000000001
EFLDGDLWFLDK	232.79	183.41641	49.37358999999998
EKGIVWEDTDGLPCSSIVK	198.2	148.87428	49.32571999999999
EAPVSALVCGLHSGEIPR	218.96	169.64177	49.31823
HQQLVNAQLLADAAGSAAVAASAHR	223.45	174.16365	49.28635
EEFPTLDPMYR	94.277	143.50195	49.22494999999999
FPHVEDQMLR	152.52	103.3277	49.19230000000002
VREPLTHVGIDVWQVESGSIFK	88.906	138.09653	49.190529999999995
DSVLTWLLSDSIGGNAR	115.66	164.8268	49.166799999999995
AIGADGHPFEVTLEK	182.75	133.58817	49.16183000000001
KEEVLCPVDENGVFHPDVTDFSGR	202.16	153.00334	49.15665999999999
DTTNAEAASWFAGLETANNK	87.06	136.11093	49.050929999999994
T3VHVASS3AV1PCRWVLGLR	140.36	189.27032	48.910319999999984
DMGTTWTEAIGTLSGVWTK	115.71	164.59119	48.88119000000002
ETLQFVACAMHNAIESER	222.84	174.0975	48.74250000000001
LDDVALSASSLLVSNVK	133.99	182.69365	48.70364999999998
SIQSCVSNIDSDVTIGLPHHR	210.76	162.06674	48.69325999999998
HHQGYVTK	62.233	13.584498	48.64850199999999
GPTLLEALDMLEPPVRPSDKPLR	166.47	215.07126	48.601259999999996
GPLEEHAAAILK	145.21	96.63196	48.57804
SIEAIATAEEYFVAAK	95.473	143.9625	48.48950000000001
IAEGGHYSQATQVLADVEK	144.72	96.43167	48.28833
GFAFITFEDHEQAER	76.219	124.47789	48.25889000000001
LLIGISQEKEEDVANLGATQEQPLQQEQAATR	77.211	125.37372	48.16272000000001
SLHEMNP1LGHR	89.376	41.250496	48.12550400000001
MLQLFQHVQK	170.45	122.38734	48.062659999999994
MDDNLAAEIAR	157.4	109.35705	48.042950000000005
SEDTLLAEGEGLR	151.32	103.32158	47.998419999999996
RPLEAETNSSVDAWGEIQPLR	209.84	161.9373	47.90270000000001
KVPEMIGSMLEEK	202.53	154.67546	47.854540000000014
ISPDTINR	63.342	15.523458	47.818542
DMKPLPAVFDLDFVAENQK	155.42	203.17265	47.75265000000002
HSFSGDSSDTGDNTPLVVTLLYR	107.26	155.00766	47.74765999999998
EQLGLAQDYMELQDEK	89.744	137.48386	47.73985999999999
LANTNANVAYVE1PSGGHLGFVGNPIAEFNNDANEGER	87.37	135.06659	47.696589999999986
SLWPFGLHVTGTPIAACAQK	160.52	208.13762	47.61761999999999
LTVVDTVGEMHHLSLTK	73.215	120.76314	47.548140000000004
HLVQIELFTPK	217.79	170.25789	47.53210999999999
I1DPDVISVDHYNVAQDVVQ1LTK	137.33	184.8493	47.51929999999999
HVGQPGIHPFAELIK	212.0	164.52847	47.47153
MHFEETNLLR	146.8	99.4016	47.39840000000001
MGAAEPERR1VLAR	170.16	122.77641	47.38359
AFAENSHDVIVSCLSK	149.19	101.818375	47.371624999999995
VGHEVSAANAVLLESAFGAFR	95.456	142.72467	47.26867
SLAHNLLEK	92.079	44.81476	47.264239999999994
1Q1IFGGSWQLVLQSK	201.82	154.57391	47.24608999999998
SIVEATVEHYSLLAETQEVNAK	86.787	134.03285	47.24584999999999
ITTDSLLKDESAAAYDGVFLPGGLPGADHLGK	153.54	200.63663	47.096630000000005
GIIVTLDER	145.61	98.52665	47.08335000000001
LSHDSDAPTAINAILALGIVSAGSNNAR	105.3	152.31158	47.011579999999995
SDELGELELR	155.43	108.56933	46.86067000000001
RVEMLSFGESAVLK	86.657	133.4257	46.76870000000001
AWTCSALSNASMIQNLER	219.6	172.85143	46.74857
LMDTLNEMLLAVGSTEGEER	234.02	187.29396	46.72604000000001
SAYEEHNVSAFVESCIHFK	195.07	148.41068	46.65931999999998
TSLQLNASNCQGR	72.832	26.21432	46.61767999999999
TVTSYMN1S11TKAVK	99.083	52.49118	46.59182
MFSSNFEGPLLR	218.64	172.06284	46.57715999999999
TDAHALDIDVDVVLNDIER	109.73	156.29787	46.567869999999985
EEAGEVSSEDAVDK	63.998	17.452717	46.545283
FHVVYPSAQSLQSNEISDLRK	201.15	154.62085	46.529150000000016
IGSSIANTVGGPK	97.797	51.319023	46.477976999999996
VGSVLTLLQSVAYDDSTR	144.17	190.55858	46.38858000000002
IPGSMQGVFAER	150.64	104.36353	46.27646999999999
LDDVVLSASSLLVSNVK	136.53	182.80139	46.27139
NEIVQVFTPQAVVISNELLENVK	118.26	164.40572	46.14572
MEFLAYEDGTLR	194.48	148.35518	46.12482
SVFIIPHSGK	128.86	82.80564	46.05436000000002
EAAPCVVFIDEIDAIGSR	152.38	198.3852	46.0052
MDVNCTLIECK	140.35	94.42817	45.92183
KEELLHLPLDSIITR	231.04	185.14839	45.891609999999986
FCA1LDLLEE1NHR	195.45	149.68257	45.76742999999999
HLLHDGEK	60.373	14.7340975	45.6389025
SFSGLHGPDGHWIMLPK	210.18	164.63297	45.54703000000001
SPTHTVEGVFEAVK	182.61	137.06937	45.54063000000002
AQDFAAYEEEYKR	124.26	78.74893	45.511070000000004
IAFEGVDSFGNILGSVTSSK	156.36	201.83588	45.47587999999999
GAEEALHVIR	91.841	46.375557	45.46544299999999
DLPEGHIAVVVQVEDDVEAAGGEDR	191.39	145.94373	45.44627
YDE1VLC1R	79.304	33.967644	45.336356
SSLDGGFYVAEGQTVAFDVR	179.39	134.05423	45.33577
3TVHVASS3AV1PCRWVLGLR	140.36	185.67935	45.319349999999986
NSLKPVATVHR	61.859	16.574947	45.284053
TIISQLQQK	96.677	51.425957	45.25104300000001
TPECMSIAWSADGNTLYSGYTDNVIR	96.951	142.04814	45.097139999999996
TISSLLEEYCGLQR	112.33	157.34239	45.012389999999996
NRPLLEVGEPR	88.926	43.943005	44.982995
LGEIVTTIPTIGFNVETVEYK	165.07	209.9563	44.886300000000006
AVENV1TELLLHAR	102.71	147.58441	44.87441
TLLSVEDVER	139.58	94.7551	44.824900000000014
LPFEPLPIHCWR	219.0	174.24586	44.75414000000001
ITDLFDINNDLER	111.89	156.63945	44.74945000000001
MIYSGEIENGQMHGR	105.74	61.0638	44.676199999999994
LNM1EVEYNVK	140.78	96.12829	44.651709999999994
MLSDAEFSHR	94.223	49.616615	44.606384999999996
EPVSLTCVEHWLR	232.01	187.5382	44.4718
LHLRPLPAPEEGTAR	44.604	89.01118	44.40718
FDIEDEKFCLNDLMEAR	202.5	158.23582	44.26418000000001
VVLVDVIPLSLGIETVGGV1TK	168.35	212.61107	44.26107000000002
LPQGIGAADNNNAECEFTLWTK	86.675	130.74635	44.07135000000001
LGELELPTTVEYTWEDVAK	167.8	211.7951	43.99509999999998
AIAECSPNHLVLK	107.85	63.941444	43.908556
KGFAEEEIYNLLGAESAVER	133.0	176.88327	43.88327000000001
VVTSLGGTIDDSVLLTNGMVFK	156.03	199.88715	43.85714999999999
LGNNDAVGATPWSGGMVGLSAFHEFMQDR	105.05	148.8972	43.8472
MQVPSTSDCVATFK	144.03	100.21474	43.815259999999995
MEFVQNWDGYAVR	193.02	149.29027	43.72973000000002
SLHE1NPMLGHR	89.376	45.697063	43.678937000000005
EVLSLLR	146.94	103.27267	43.66732999999999
IELDAWSELNSLTEEQINSAEGK	157.26	200.8938	43.63380000000001
MIQPQLILLR	228.57	184.94203	43.627970000000005
LIHLDLGGNHEVGSDGR	134.48	90.90734	43.572659999999985
IGATLSDDDFIVIR	182.65	139.13046	43.519540000000006
FEEIPGHLFR	183.98	140.47601	43.50398999999999
VSHYTPFVCEATSFTITVK	230.54	187.06209	43.47790999999998
HAIGPNAFEGIQHDTTQLNSSVMR	211.26	167.80127	43.45873
DSVEDVDNGRFDEMLEAS	80.047	123.28514	43.23814
MDCSTGAAIGQQFAK	128.46	85.27446	43.18554
11LS1QHEK	56.838	13.6617155	43.1762845
TVLFLEAVGLR	225.78	183.03822	42.741780000000006
ATNIHSSGGLAEVVDSFEDAANRPEVIDR	192.49	149.7996	42.69040000000001
THMTQAEMDVYR	84.264	41.581184	42.682815999999995
MYEVQDLSDHAVGGLSHK	161.84	119.25217	42.58783
TEALDLISNTALGQLHLPFGK	134.64	177.15549	42.51549
HAWDWLHELNR	200.8	158.34726	42.452740000000006
MEESEPQKEPVNYIDVK	124.37	81.98105	42.38895000000001
ILEDLREELCIPTQR	202.31	159.99425	42.31575000000001
LQAHLGDLLHVSGR	216.73	174.4884	42.24159999999998
ISDLLDALK	111.3	153.54018	42.240179999999995
EADGAAVGAALTANSTLQHLDLSNNK	82.888	125.11231	42.22430999999999
VILPEHLLPEEERNPIK	219.02	176.80511	42.21489
AFIQDGGPSVETISRPVADALEAK	219.57	177.38528	42.18472
AVVQTHCFNWMDHDGTR	125.69	83.550896	42.139104
VVIHLPLPPQTESVQVHSSTQGTTNFNK	216.04	173.93639	42.10361
DLVAYFSSGPIVGMVWEGK	115.84	157.88106	42.04105999999999
ASKPQPIAAANWK	75.853	33.85213	42.00086999999999
YAVLSQLSGLVPIVEPEVMIDGTHSIETCQR	119.48	161.46815	41.988150000000005
GLEIDPLLALSEEEFK	170.35	212.25163	41.90163000000001
ADQLSNEQISEFK	123.66	81.88293	41.777069999999995
IHVELEHAR	73.449	31.768026	41.680974
ADGALLEGAELQFYLK	157.62	199.28606	41.66605999999999
NNLGDQLDPIPWYR	116.8	158.3616	41.56160000000001
T1GWHGDLIGELNNISR	224.31	182.78534	41.52466000000001
HEVVEVIDFLK	145.6	187.07639	41.47639000000001
VFVVGGHITPFLGK	205.9	164.45541	41.444590000000005
SFYGGSSYGIPFSQLVLHPGESYGNNNNNDSNK	93.599	135.03067	41.43166999999998
GHHVYVVDFGLAK	202.95	161.60916	41.340839999999986
VEFEGEDWDYVLAMR	148.53	107.21016	41.31984
EVQQLQATLLVSV1	123.91	165.17818	41.26818
SFQEIGVAFVR	196.04	154.87132	41.168679999999995
YTGGMVADVCQIIVK	117.96	159.109	41.149000000000015
LNDFLT1EMECR	75.329	116.47722	41.14822000000001
HVFPSIVGRPK	125.2	84.05377	41.14623
GPHISPGYYNNAGLLTELVDER	163.7	204.84009	41.140090000000015
SESLVAASGEESPALLLDEDEGR	197.15	156.01881	41.131190000000004
HEGDLQSQFVVYLEQYR	219.83	178.75607	41.07393000000002
NELSTVLNHLSTTVLDIDSR	109.88	150.90726	41.02726000000001
IGAIYEGTSIIQLQTIAK	118.03	159.055	41.025000000000006
SNVIAATATVAEWHK	101.75	142.72127	40.971270000000004
SVNTVENNR	53.809	12.954108	40.854892
LDVETVESQVSQLILDK	147.86	188.7043	40.844299999999976
LNFSEQLGTVFDAHLNAGNK	230.75	189.92308	40.82692
MALEEASLTALQSDFMSR	227.03	186.22269	40.80731
MATDAVLTLDSDLNLDMIGVK	156.61	197.40416	40.79415999999998
VTI1ENTLVTSLLHEIK	124.93	165.7002	40.77019999999999
HIICDRPVILPGATLR	191.8	151.04948	40.75052000000002
LVTSDYTALIEAYGMTSR	94.969	135.7181	40.7491
ITALNDDINQVVDVMMDN1DK	234.32	193.62384	40.69615999999999
LHASGLLHVDSAFSVETYEVEEPATEESEK	226.02	185.32779	40.69221000000002
APTIIFIDELDAIGSR	116.87	157.53152	40.661519999999996
ALTIVVLGASGDLAK	206.74	166.07942	40.66058000000001
TEDSHEPHALPVAR	61.507	20.87566	40.631339999999994
1LYASGAGHLADVSGLNYILK	211.15	170.54668	40.60332
IDELFYCPDFSLKPSYALK	163.67	204.1981	40.52810000000002
VSEYSSYYASYYQSIVR	80.545	121.0358	40.49079999999999
MNALDELNLR	189.6	149.11436	40.48563999999999
SDTAELVEEMPASR	144.35	103.92846	40.42153999999999
KIVELLFDQVR	219.46	179.05655	40.40345000000002
NVEELAANLSK	30.902	71.14726	40.24526
KEDYTALSTAVSNVDSECLHEAANEGVDAGNDADGSGK	75.586	115.63317	40.04717000000001
DSSEIDAFMAHWDNK	108.76	148.76828	40.00828
FHTEELHR	56.389	16.433167	39.955833
WVLGLKPVEDEMEAR	221.33	181.4088	39.9212
HKEDIVSIPPHVLR	166.38	126.473434	39.906566
1GAAEPERRMVLAR	170.16	130.26	39.900000000000006
IHHCESGGDGIFFTPGSFGEVVDCDIYECR	91.24	131.09944	39.85943999999999
MQVSDPTAASVEDTSSSVK	123.66	83.86487	39.79513
AGTLESITAATQLR	182.82	143.04251	39.77749
NVEAAGVHLADCTLLDYR	220.63	180.88753	39.74247
AGPFGRPDEYDAEEVANFVR	216.58	176.84418	39.73582000000002
AVCMIANSTAIAEVFAR	142.09	102.35487	39.73513
LLLSSDTFGDEEHNAVYAINEGGELTK	102.76	142.27695	39.516949999999994
VSGHPVIDNLVEIR	190.8	151.38377	39.41623000000001
LGDPHLPVHLR	127.83	88.48171	39.34828999999999
EAEVAVILSEEALMK	203.71	164.36282	39.34718000000001
AADVCAMINDTASEMEELSK	220.53	181.18756	39.34244000000001
DNVYDNEADWSNWFSSDK	117.6	156.93639	39.336389999999994
GDESNAIGQEALLYDK	145.79	106.51016	39.27983999999999
EISQDEFFGIVVR	122.75	161.98631	39.23631
MPNACWALEYAR	185.01	145.80484	39.20515999999998
TSTNNSGSINTTSEEAIVQR	93.232	54.03963	39.19237
QFEELQAEMR	123.95	84.76138	39.18862
MATGFAEAIER	50.039	89.21741	39.17841
LFPLLKPLVDER	237.36	198.21242	39.147580000000005
HGIQLSENDSAAIEQVIK	185.51	146.48297	39.027029999999996
VHEYQFVLTTDFVK	119.37	158.38783	39.017830000000004
LWCVESGDELANIMLK	158.09	197.10274	39.01274000000001
GILLYGPPGSGK	135.65	96.69573	38.95427000000001
SGTEHDQSTDIFSADGR	78.134	39.279568	38.854432
ATDEMAELPTVTLFR	228.81	189.96288	38.84711999999999
WYGVDIINGGICDTFER	123.55	162.34705	38.79705
SPIAQ1EGGVHSLHSFEK	41.838	80.63406	38.796060000000004
VCQQLNTTNAALTTNAQTLLGQLNVEHYGIEGAPSEK	173.35	134.61687	38.73312999999999
LISEEFSCIVVK	110.53	149.24863	38.71862999999999
RGDIDGEAGDVGTAALQAVR	171.23	132.54932	38.680679999999995
VGAEEYEEHGDVFTVDLYR	80.021	118.67799	38.65698999999999
SLVSQVLSEETAR	153.45	114.83037	38.61962999999999
MLSTEWMQR	143.28	104.68545	38.59455
FLPQQNSDSEPANFIK	163.12	124.55008	38.56992000000001
STDFLHSSETNPR	78.421	39.90598	38.51502000000001
ATSATSCTAMYYLASAIEGTQQHEAK	202.53	164.08983	38.440169999999995
DSPIVDIFSNDGNYLYR	117.36	155.78113	38.42112999999999
MLYRPDVDGRPIAAVEIR	200.59	162.21751	38.37249
RPTELVEEVTFLR	221.4	183.02867	38.37133
SGMETALDASDQAALTR	147.72	109.35992	38.360079999999996
AIADTIAVIFEK	214.57	176.25623	38.313770000000005
HLEVQLLADDYGDCIAVHTR	204.23	165.93674	38.293260000000004
SEVAVQLAEK	77.188	38.933453	38.254547
NNESVELQNQLNELQATYETMQK	218.04	179.81259	38.22740999999999
DHAVVVGVYR	76.613	38.469864	38.143136
AAAAANYIHSGDGLDEMASNAGGASTTNTTTTTTTGVAALDATHK	71.195	109.317924	38.12292400000001
MENLAENALLR	174.09	135.97136	38.11864
LEASLIVCGR	129.3	91.28614	38.01386000000001
AGAVSQAYHDLASR	86.936	48.95781	37.978190000000005
HAIPELLAR	122.48	84.53524	37.94476
GLPTPSVEELQSIR	190.23	152.2921	37.937899999999985
LQVVDNVEQLVADAISK	144.97	182.8794	37.909400000000005
IYQTALEACDR	78.187	40.298298	37.888701999999995
IVEGSDSLTLHHEDDSDVVVLTSENVEK	119.59	81.79612	37.79388
REELETLLNDYYEAER	202.49	164.74442	37.74558000000002
NTMLNELVDR	73.079	110.81922	37.74022000000001
TSNVVHNLIER	115.32	77.59142	37.728579999999994
EVSVGGSTTGASLVWYTGEVR	83.112	120.82965	37.717650000000006
FLHPNLVEDMAR	200.79	163.07793	37.71206999999998
YQLYSGLLLDKPPTVVPDTFR	172.51	210.21028	37.70028000000002
DKYEAWCADVGSISVDK	73.707	111.31883	37.61183000000001
VLCMAYLR	54.822	92.4319	37.609899999999996
IAWDYSSDTLALIQK	106.87	144.43776	37.56775999999999
DMTSALTLSHDQEIAEQQLAFER	196.58	159.03331	37.54669000000001
FSIPTAGLVAVLSDAAGDGR	174.56	212.10611	37.54611
SCVEEAVHHFYQAIGK	219.94	182.4314	37.5086
KYEGMEGELISILHEK	221.08	183.57787	37.50213000000002
SLSHSGLPSAEIER	91.604	54.10465	37.49935
ATLPDDVESLHK	102.24	64.74911	37.49088999999999
QFWLPPEAK	60.708	98.17632	37.468320000000006
HASLALVEILR	222.84	185.43544	37.404560000000004
FQGLYFDEFVEELGGK	109.06	146.45375	37.39375000000001
VLLGHTTSENDAAAYGLENIDAYR	153.7	116.33762	37.36237999999999
GPTM1GFIDNLVLPETK	169.09	206.4277	37.337699999999984
RRPQLTEEER	50.86	13.56021	37.29979
AFSSDEEIHIDPSALLPTR	220.79	183.63034	37.15966
SHYETTHEFLESVAAELAR	95.762	132.90324	37.14124000000001
NVASAALAISSLSGGIIGGSR	232.19	195.07698	37.113020000000006
ISESCVSLER	74.391	37.333202	37.057798000000005
TTHIQLEFAIETFDPNAK	114.88	151.90971	37.029709999999994
MFTDSAAHTSLAFEDALPDEPHATVK	197.91	160.9309	36.97909999999999
SSVPLTTYIEQLK	205.57	168.64537	36.92462999999998
ELTLAFNVLGDGGASVVAK	235.69	198.78738	36.902619999999985
LLESVGVE1AK	100.21	63.332413	36.87758699999999
VIDMPITEHGFTGMAVGAAMSGMR	162.52	199.38211	36.86211
VFDLQDQVETAEHFLR	213.31	176.48523	36.82477
MANLDFVDDFAFHR	219.17	182.35062	36.819379999999995
IPVIFQQQDEK	119.01	82.19955	36.81045
SFFNVNEVLLAHR	226.97	190.19507	36.77493000000001
DGMWQNIDAALVVPGDLVK	160.06	196.79898	36.73898
YVDQWEQLAGMLYDK	230.12	193.40265	36.71735000000001
NWLVENGLEEGEVTRPTYGSLEAQLEEAK	170.43	207.13777	36.70776999999998
VNFFGEHVDYMGGYVCPAALK	88.381	125.08289	36.701890000000006
YTTTHLLFLGDYVDR	90.183	126.876816	36.693816
MMSDTAEAHSTTSQPLTEEHR	74.575	37.956223	36.618777
LDLSGNNLR	85.057	48.55164	36.50536
FHDVHEVPYGVFSPLSPHPIVIR	238.89	202.39021	36.49978999999999
NIFNYLDGDGSGWVSLR	235.42	198.94218	36.47781999999998
LVDAPTNLLNTATFAEVAQSYAK	173.2	209.66347	36.46347
DPLEIDSVLEEMNR	137.87	174.33186	36.46186
YPFSSIVYCNIGNPQALEQK	211.53	175.1717	36.358300000000014
DILEGGCVSIITNNR	76.877	113.234474	36.35747400000001
MENFHWDEMGIATR	177.15	140.83133	36.31867
HGQGVLHLPDGSSYEGGFFHGK	180.6	144.31078	36.28922
EECVEFLNLQVLR	133.34	169.56775	36.227749999999986
LGEVLVAVEK	142.64	106.43023	36.20976999999999
FKDELSEDDINLLATLIK	113.63	149.83044	36.200440000000015
DNLNLWTDEQPSS	76.224	112.39543	36.17143
AVIFNPEIYEEFGFR	241.45	205.30455	36.14544999999998
DLLDLTCACVASMIR	154.78	118.64541	36.13459
SQLAHNVNLSIFEPISHHR	195.15	159.02022	36.12978000000001
PHGDYFEYKPVFTIGVPR	226.94	190.8614	36.078599999999994
ALSNTYMEDFNELTNFYR	152.83	188.90546	36.07545999999999
VWLDNPDVTSGGVEAGVFEHLR	232.49	196.43997	36.05003000000002
TTTVGGAASALFAEIQSCGDNIATR	152.58	188.54613	35.96612999999999
LDPEVAQP1TTDFAEFTPAIYK	159.7	195.64722	35.947220000000016
SVATKPFEGTVR	72.443	36.496952	35.946048
D1QDAIQEIESLMGQLGQK	114.49	150.40294	35.912940000000006
LFKPIEEESPELAIGEMR	230.67	194.79465	35.87535
YMFAVDQGNNTQSDILQGIK	110.42	146.27965	35.85965
DVLEGVEDILQGMR	158.79	194.62167	35.83167
KDLIDQWISAATAQVEK	152.86	188.6876	35.82759999999999
ADLLTMQQITELK	203.7	167.89397	35.80602999999999
HSLAASPPLLSLNPLTGLR	177.28	213.05501	35.77501000000001
VHMNLVVVGHVDAGK	150.89	115.122795	35.76720499999999
HTVVGEHSLPVLLR	170.77	135.07874	35.69126
LCDITPVTGDDACFLLIDSMIK	117.37	153.06041	35.690409999999986
LTVLPPKPPADAPFMVQMR	167.54	203.2024	35.66240000000002
IYHPNINNNGGICLDILK	108.7	144.34529	35.64529
SASLSEYHVISGK	95.987	60.434673	35.552327
LELLMDQMAEAWK	228.73	193.17926	35.55073999999999
AI1GLYDPALLEALPER	170.5	206.0431	35.54310000000001
MHFALQAGDTDLSALIAK	89.327	124.80579	35.478790000000004
KPDNITMEATIHLSK	123.37	87.92645	35.44355
LLETQISQIIEQQHLYK	217.82	182.41434	35.40565999999998
DINGFLVGGASLKPEFVEIIEATK	119.01	154.41133	35.40132999999999
VPFHLPLGLK	208.46	173.06586	35.39414000000002
MQVNDVSTIHGVSR	90.825	55.478115	35.346885
MIVESHLVVDEHHNAPNGPIEESNSK	126.51	91.17431	35.33569
GEFTLLMTAIQTAVK	118.02	153.3489	35.32889999999999
TDALFGLSSESR	144.24	108.91648	35.32352
FADSTIVDAVLEVDK	155.46	190.74612	35.28611999999998
RPWDISTTELIEIQSR	130.46	165.74405	35.28404999999998
1SAPLADSVSYQELLVPGSLTR	166.71	201.97502	35.26501999999999
ITALNDDINQVVDVMMDNMDK	161.99	197.25148	35.26147999999998
TNLVDVFVEYCGNELVCAK	101.83	137.08818	35.258179999999996
TMVQEGAED1DMVLNVGALK	206.18	170.93375	35.24625
LSSITQQITTAEACAVLLK	93.526	128.75134	35.22534
GLRPVLAVDVWEHAYYK	230.65	195.442	35.208
IVEGIVNDFVGSCTAAVASPGGGK	124.47	159.67554	35.20554000000001
EI1NTVTDLDMAGYEALVAK	152.87	188.0749	35.20490000000001
SLNQLQDLQFQLK	201.74	166.54305	35.196950000000015
SAGTLLQQIGSACR	164.62	129.42967	35.19033000000002
ILTEIVVGGVHDEISTVELDK	135.42	100.24352	35.176479999999984
MQSELSGILSR	166.88	131.76567	35.114329999999995
DELHDVTTADFSNFVGLIAPEK	106.26	141.37013	35.110129999999984
GVVHDVLNEIR	181.78	146.67635	35.10364999999999
TYGLETEAEAIITMAK	226.07	191.00685	35.06315000000001
IFAVQLSSEWESHVAGSDGAK	185.4	150.38464	35.015360000000015
LALDFCNDVAVYNLEK	214.88	179.87431	35.00568999999999
FYEGGDAVIGLMEDVEK	223.47	188.49092	34.97908000000001
HDNNNNTNSQLAGSLWCLESLAESLK	112.43	147.39206	34.96205999999998
SLDVDAIIDK	161.49	126.57477	34.91523000000001
TYFTEDLMMDALTR	222.9	187.99504	34.90496000000002
KPETTINVEVGQATDWESLLK	149.75	184.64708	34.89707999999999
MQVEVPSYGPADVLR	196.75	161.86023	34.88977
EILSGLENEMK	72.502	107.332726	34.830726
AFIIGAGALGCELIK	151.48	186.29384	34.81384
SVGLAA1D1VNEIR	143.4	108.61016	34.78984000000001
LQLMQSPVR	123.1	88.32608	34.77391999999999
NDLGLEEVANSVEGGAAHQ1LLLR	157.76	192.53343	34.77343000000002
VHAHVLEEIAK	198.77	164.01578	34.754220000000004
KYFYPVSEVESIVEK	225.74	190.98718	34.752820000000014
IDVASLTDELWEYGNK	164.27	199.01219	34.742189999999994
LVCTSALVPHEVLDSFLR	178.07	212.80641	34.73641000000001
IHVLSEALR	43.942	78.64159	34.69958999999999
TWLSEIDKFASENVNK	136.07	170.7481	34.6781
MMVHAETVEK	52.531	17.870821	34.660179
EGDLFGALIRPELEK	152.26	186.81595	34.555949999999996
DADDTSSLAANAVALP1SDDENK	60.384	94.919136	34.535135999999994
VLLNADVLNQK	133.96	99.45178	34.50822000000001
VGLATG1R	47.339	12.881986	34.457014
TQLHSIASLDYGDGR	123.19	88.7663	34.4237
ILEDMSINIEIEDR	86.107	120.510666	34.403666
LFTFHADICTLPDTEK	191.15	156.74757	34.40243000000001
AVVQTHCFNW1DHDGTR	94.564	60.18002	34.383979999999994
PILLMHGTADELVPYR	212.5	178.12518	34.37482
LSLIEQAGGIR	150.88	116.512314	34.36768599999999
TVEGVLVPHEVHQIPR	172.42	138.08548	34.33452
NGDDDAIVPGLLAAGECACASVHGANR	119.93	154.2643	34.334299999999985
IAAGIFDGLGDVSTLADQTIVAK	159.75	194.07518	34.32517999999999
SNGYFVNTDGYFDALNLNK	129.76	164.07767	34.31767000000002
MHFMEIFK	201.94	167.65643	34.28357
NCCVNDVLPELELLANDSNFSVR	112.96	147.21768	34.25768000000001
ALPVSAVAGGLSLSYETPK	212.71	178.45816	34.251840000000016
TSEAADVSAPSQEGNDAILAILPR	221.83	187.60907	34.22093000000001
11SSGLSNAEIQQELNELVGPEYAHHSNAITK	151.5	185.70514	34.20514
ATPGQVAQYTVSTLAR	158.27	124.10989	34.16011000000002
FADDSYTESYISTIGVDFK	156.15	121.99309	34.15691000000001
MLNNELANLVDQQK	192.61	158.49979	34.11021000000002
1LSTLFFDEADASSALHVK	209.13	175.02692	34.103080000000006
HATVETFHTPYGVALVR	104.52	138.62134	34.10134000000001
VTEGIDVVR	81.41	47.320736	34.089264
TEVTNENLQILLTK	178.1	144.04955	34.050449999999984
GGLLGSESVAAFTGGSTTVVR	110.16	144.2083	34.04830000000001
FNVQHNAAVQIYDYK	145.72	111.68211	34.037890000000004
HPSPEDFHR	47.52	13.504994	34.015006
EVLGAYQLLLAETLTK	108.83	142.84283	34.012829999999994
LYLEMDNEEEELLNEAMGNVR	159.72	193.7292	34.00919999999999
GQI1TGQDWEPQVFNFQNR	120.58	154.58107	34.00107000000001
VDDAMGALLTVLNGVGSAAGR	168.04	202.03372	33.993719999999996
STMDIVQEVNELVELGR	131.5	165.47835	33.978350000000006
RPDNVPPHNFHVAK	54.297	20.347755	33.949245
PSSVE1PPTVTVTR	102.71	68.78601	33.92398999999999
GIRPGPLDEIAFWK	222.38	188.46674	33.91326000000001
WHHVVEIPDGDKR	109.72	75.811516	33.908484
MDGDEAENLEFVLESIR	106.82	140.61818	33.79818
1LD1GFEPQIR	130.09	96.294556	33.795444
YHIVYFDDFQTVAANDPSAR	153.09	119.31776	33.77224
HQCATVQLDFNLPQR	162.24	128.51608	33.72392000000002
DVISEFVGADAFLEK	167.54	201.25542	33.715419999999995
NDSSCGSTIGPILSSLSGIR	204.54	170.83466	33.70533999999998
LPVYVFAR	152.97	119.27849	33.691509999999994
HGGFYLGSIGGPAALLAK	154.05	187.69804	33.64803999999998
TGGSTPLSYVLSGGR	70.502	104.076485	33.57448500000001
VHLEPQFYWDVPSSALK	146.9	180.44989	33.549890000000005
TRYPLVPIPVPIGAALSR	181.07	214.59555	33.52555000000001
ADDAIKEQLENAR	99.759	66.25926	33.49974
PTMFINDSEILGIITK	108.38	141.87854	33.49853999999999
AASQSSTNLGAANAIFGGATDDAAK	134.14	100.64329	33.49670999999999
GNEISSATANAITELLSLNAGSIK	237.74	204.2544	33.485600000000005
ATGGVLHPLSLR	133.78	100.298096	33.481904
ILDKVESFIHSK	179.9	146.42615	33.47385
LLIDEDKLPAFLGGTCR	232.75	199.31717	33.432829999999996
EWYGWHFPELAK	208.85	175.42673	33.42327
SGETEDTYIADLVVGLGTGQIK	168.61	135.20854	33.401460000000014
DVPGFGGLCSSMESSENR	100.36	133.72343	33.36343000000001
LMRPDTITSLHNINK	123.44	90.083954	33.35604599999999
MEDVSDMFVAVSEEVK	143.68	177.03137	33.35137
ALYAADCLASLSAASTWSGEYLK	100.85	134.16454	33.314539999999994
AQHDWPLNEPR	73.361	40.070396	33.290604
ATAVLIEELNAAISK	146.37	179.60593	33.235929999999996
SHESSPLQVGSVLGPSVEER	152.75	119.606575	33.14342499999999
GCYAATITNTVELDHMGSIIPK	159.33	192.46532	33.13531999999998
ADPLAELFTLIR	239.4	206.2697	33.130300000000005
YGL1GGEGVT1DSAK	72.879	39.785385	33.09361500000001
NADMPEDMQADAIEVALQAMEK	163.31	196.40167	33.09166999999999
VIFLWSSDEITR	89.093	122.14669	33.05369
MFSPSVYLSIGDEYDKPSATPSLGVK	236.32	203.30942	33.010580000000004
VHTEGVIVLEDCSDSLPVSEAAR	184.32	151.3204	32.99959999999999
IGNVDLLICLDSGAMTYDK	154.38	187.36246	32.98246
AELLSVVEELR	158.35	191.32314	32.97314
LNVICLSR	121.9	88.93035	32.96965
EIDEFPAQLNYDNVMDEMPFAER	179.75	212.71912	32.969120000000004
HLYESVAEHAETVWNYNK	187.68	154.72478	32.95522
LQTVSDLPNWIPR	197.86	164.9221	32.93790000000001
ETSCTLSPLNLSSVYSVEVSAK	219.57	186.63628	32.933719999999994
STPLHIAVEHANTECVK	45.651	78.58444	32.93344
ILTVAAEPCDEAVVAPAEVLK	205.65	172.71678	32.933220000000006
ATAAVEQPTTAEER	47.239	14.319557	32.919443
SIPTSIHAAR	50.367	17.460325	32.90667499999999
SGVPPAYPVDSNIGVPNAHTQQR	131.63	98.740204	32.88979599999999
MEDDKLVMFDAHGAIR	153.83	120.94781	32.88219000000001
VPATVSGVLGGMEHIHDVDLK	144.62	177.49948	32.87948
ADSFLTHDSVTASDIAQVIAR	161.45	128.66908	32.78091999999998
GSVDTMQVECNTNLDADHPTNHFTFMQSR	134.27	101.495125	32.77487500000001
TAPSEIDATHSALYAELLQCR	155.74	188.49689	32.75689
VEFEGEDWDYVLA1R	88.189	120.91008	32.72108
HLPELAQAVVDQDAVTHLAPLIMSNDSK	238.29	205.57742	32.71258
DAA1IALAALQSALGASLK	239.87	207.17725	32.69275000000002
ATAQELQQQLEDLR	175.14	142.50456	32.63543999999999
GAVEVLEEQLGIR	190.4	157.77463	32.625370000000004
FAELSVLR	145.67	113.05938	32.61061999999998
AGETDLEVPVAIRPTSETV1YPYYAK	138.65	171.23933	32.58932999999999
LIETEQSQWEGIIQR	104.9	137.48341	32.583409999999986
TQLHSIA2LDYGDGR	147.49	114.96252	32.52748000000001
ALIAAGVDVNLADR	181.0	148.47462	32.52538000000001
EGTDLYLE11QSK	94.045	61.530045	32.514955
MENDIALQQAIYSSLR	222.04	189.54161	32.49839
ESGALIIDGVMDAYETAER	157.81	190.30408	32.49408
TITSAVEEALEWLNNNQEASK	115.53	148.00156	32.47156000000001
LLYIAEQNFDNTHWGGK	112.25	79.781235	32.468765000000005
LDLLEEQK	33.838	66.26072	32.422720000000005
ETLYNAIVWSDLR	159.78	192.18857	32.40857
GVHLCDLLTSPTR	125.38	157.78535	32.40535
ENCGDGSSLEQSLLK	139.84	107.451805	32.38819500000001
HLLHDGEKEVSISALGK	184.42	152.04422	32.37577999999999
LVLCTGQLYHILNECR	209.09	176.72687	32.36313000000001
VTGDVIGIDLGTTYSCVAVMEGDKPR	138.16	170.49605	32.33605
NFLSGMPECQIELNDDFNLNDASYHPCVSLQADR	97.082	129.40938	32.327380000000005
TGPFFEHSSMLYNISGVESWQK	88.802	121.127014	32.325013999999996
TFFAQFYDGNTNEK	78.616	110.93662	32.320620000000005
MIASATPHAGCETATAK	53.716	21.402878	32.313122
QHFVHFSALQTETGGFR	75.553	107.860794	32.307794
LQLHQQFAALPQEFFCK	229.58	197.27419	32.30581000000001
SLAAQADNDLFNR	134.2	101.89953	32.30046999999999
RLGLSEYEAVK	44.104	76.38462	32.28062
LGITYVQIGNVDNLLAK	155.5	187.74765	32.24764999999999
HADAIAALENELNQR	163.27	131.02882	32.241180000000014
SHPTLVDIYSNVLVQDGLITEEAVK	107.2	139.41682	32.21682
YIITGYINNADIVR	115.73	147.9435	32.213499999999996
DLTGRPVLHIPLDDK	123.94	156.12349	32.183490000000006
VEAPCVGIDLGTTYSVVGVWQK	170.23	202.40579	32.175790000000006
AHVPVLQPR	66.442	34.284286	32.15771399999999
MIGTPIENLTVSQIK	201.75	169.60495	32.14505
ALSQIVDDTVQLLD1R	223.81	191.72775	32.082250000000016
NHDVLISQR	49.083	17.021397	32.061603
HLNDVLQR	63.96	31.97088	31.98912
FELITGNVEFER	183.84	151.86699	31.973010000000016
AEGCDITVYFYEGTTTPASLEHFK	89.271	121.23663	31.965630000000004
FEIWHSLDWPSVR	230.36	198.41069	31.949310000000025
LSPSEPNVAYICSR	61.754	93.68664	31.93264
DLFSDIEQEQQR	146.12	114.1982	31.921800000000005
SMLHDVSGGALTSK	105.62	73.698364	31.921636000000007
TLVEFVEALTK	222.63	190.72194	31.908060000000006
EIMNTVTDLD1AGYEALVAK	152.87	184.76456	31.894559999999984
WYGHALELDSHNYK	114.44	82.58154	31.858459999999994
FEI1DGTPIVGEVVPIR	162.98	194.78004	31.800040000000024
YSAASNIVDILDGFSGR	168.37	200.16333	31.793329999999997
YLTRPMDTAALR	48.045	79.79881	31.75381
HWAIGGTTVITDNYVR	100.07	131.82237	31.752370000000013
HLGILHPLQK	110.19	78.46363	31.726370000000003
AHTAYLILGDGLQALGR	211.05	179.33661	31.713390000000004
ASFITDVVNATGLDGSR	196.28	164.56854	31.711459999999988
LALDNNNISVVCNLGHLK	181.05	149.37968	31.670320000000004
IYGDIIIPTDVPLTVR	178.74	210.39366	31.653660000000002
FKPDEILQSTR	103.01	71.39906	31.61094
E1AADNQ11GQFDLVGIPPAPR	183.55	151.94597	31.604030000000023
SDVIFLDTEDVALLK	155.88	187.4384	31.558400000000006
NLGQSLCVGIGGDPFNGTN1IDCVK	154.57	186.07507	31.505070000000018
IELDQLLSSSGEGLYAFSESK	163.05	194.5415	31.491500000000002
YPGWAVLEEHAR	178.79	147.29945	31.490549999999985
DLSNYTESFFETLCR	227.59	196.10767	31.48232999999999
AYPSLKPLGSWVDDLTQR	235.34	203.87976	31.46024
GLQSSGAVTEEAGAALTAALNSNPR	217.1	185.66042	31.439580000000007
KDPEENADAIETVLCAMNDR	137.92	169.35667	31.43667000000002
SPVIALHEDLQK	94.757	63.341736	31.415264000000008
FFTLNSPVLHDELEEMLK	227.12	195.715	31.405
IAVIPHGSLLVDTTTGNIAAVGTNDEVQAFVTANK	141.38	109.99854	31.38145999999999
